[{"model": "contenttypes.contenttype", "pk": 1, "fields": {"app_label": "admin", "model": "logentry"}}, {"model": "contenttypes.contenttype", "pk": 2, "fields": {"app_label": "auth", "model": "permission"}}, {"model": "contenttypes.contenttype", "pk": 3, "fields": {"app_label": "auth", "model": "group"}}, {"model": "contenttypes.contenttype", "pk": 4, "fields": {"app_label": "auth", "model": "user"}}, {"model": "contenttypes.contenttype", "pk": 5, "fields": {"app_label": "contenttypes", "model": "contenttype"}}, {"model": "contenttypes.contenttype", "pk": 6, "fields": {"app_label": "sessions", "model": "session"}}, {"model": "contenttypes.contenttype", "pk": 7, "fields": {"app_label": "ecomapp", "model": "order"}}, {"model": "contenttypes.contenttype", "pk": 8, "fields": {"app_label": "ecomapp", "model": "category"}}, {"model": "contenttypes.contenttype", "pk": 9, "fields": {"app_label": "ecomapp", "model": "cartproduct"}}, {"model": "contenttypes.contenttype", "pk": 10, "fields": {"app_label": "ecomapp", "model": "customer"}}, {"model": "contenttypes.contenttype", "pk": 11, "fields": {"app_label": "ecomapp", "model": "cart"}}, {"model": "contenttypes.contenttype", "pk": 12, "fields": {"app_label": "ecomapp", "model": "product"}}, {"model": "contenttypes.contenttype", "pk": 13, "fields": {"app_label": "ecomapp", "model": "admin"}}, {"model": "contenttypes.contenttype", "pk": 14, "fields": {"app_label": "ecomapp", "model": "productimage"}}, {"model": "sessions.session", "pk": "05w61q1f5qmsfpztyri8w8ksa6gt72yc", "fields": {"session_data": ".eJxVjDsOwjAQBe_iGln4FzuU9DmDtd5d4wCypTipEHeHSCmgfTPzXiLCtpa4dV7iTOIilDj9bgnwwXUHdId6axJbXZc5yV2RB-1yasTP6-H-HRTo5Vt7xOycR9CMZFLwYVTWG7RDQg9AZMIIpDKbpMlYq41LiGccrLeKVRbvDwRrOIw:1kL6hu:Og0Ms5xueILMzJLEv4W8JMWteA2yafr2_VvuClBiINI", "expire_date": "2020-10-07T15:29:22.847Z"}}, {"model": "sessions.session", "pk": "0cilgdzulcv607xwwymlg72j6r5s38gr", "fields": {"session_data": ".eJxVjEsOwiAUAO_C2hCgvLa4dN8zkPehtmogKe3KeHdD0oVuZybzVhGPfYlHTVtcRV3VoC6_jJCfKTchD8z3ornkfVtJt0SftuqpSHrdzvZvsGBd2jb0g6SEbBk4SIdshDEYJ2DF9iN1BBTm4MHa2QGNxiMMwL0f2QXfqc8XAOs32g:1kGka0:RXIMWpYDwHXd0SorBGQGvmwa6YZmgxGX2Ik5DWh2fB8", "expire_date": "2020-09-25T15:03:12.289Z"}}, {"model": "sessions.session", "pk": "1x5ykil6mgt3cw9u9vy2t7jza15esrc5", "fields": {"session_data": ".eJxVjEEOwiAQRe_C2hCmFGRcuu8ZyMCAVA0kpV0Z765NutDtf-_9l_C0rcVvPS1-ZnERRpx-t0DxkeoO-E711mRsdV3mIHdFHrTLqXF6Xg_376BQL9-aXISRlLFnQnQ2R21HSBkJdA5aJ46OgVyKLivIGlmbwQGEgGhYDSjeH-tgN-E:1kID3e:3fvMJI_UQs3-M8XQ_5xDtQzGext3bWOQ8U-gPMbUjXM", "expire_date": "2020-09-29T15:39:50.200Z"}}, {"model": "sessions.session", "pk": "34wsq020ju7k16medh5xs2ef376y5ptw", "fields": {"session_data": "eyJjYXJ0X2lkIjoxMH0:1kDgEE:f5FxR1XKOqMcfFCFLYQ818rnNuuHcJfdJPObxQohNjg", "expire_date": "2020-09-17T03:48:02.950Z"}}, {"model": "sessions.session", "pk": "3ly5zlsk10bgfno9kufgtjdeo7zpshmc", "fields": {"session_data": ".eJxVjDsOwjAQBe_iGln4FzuU9DmDtd5d4wCypTipEHeHSCmgfTPzXiLCtpa4dV7iTOIilDj9bgnwwXUHdId6axJbXZc5yV2RB-1yasTP6-H-HRTo5Vt7xOycR9CMZFLwYVTWG7RDQg9AZMIIpDKbpMlYq41LiGccrLeKVRbvDwRrOIw:1kDM0f:ps3pHkkpAVPBfUrVfj_1KGmN0Iz1pyi6jdvLnmNe-lE", "expire_date": "2020-09-16T06:12:41.735Z"}}, {"model": "sessions.session", "pk": "7caeqkjmr0lcxn9bzd61sv9u4gxmxlka", "fields": {"session_data": ".eJxVjEEOwiAQRe_C2hAHqIBL956BDDODVA1NSrsy3l2bdKHb_977L5VwXWpau8xpZHVWJ3X43TLSQ9oG-I7tNmma2jKPWW-K3mnX14nledndv4OKvX5rS-AcGhAayPjgvTXZl2KzYQyxeOeOrggGAxEycQwADHmwIuILRVbvD9-9ODw:1kOj4H:iFX2BXV7YYkeb-XjZYhhL2mSplWjm3hFKn_BidOEsv0", "expire_date": "2020-10-17T15:03:25.453Z"}}, {"model": "sessions.session", "pk": "8iogfpyrz5n6sy0zkxjjsflb8jcobxiz", "fields": {"session_data": ".eJxVjEsOwiAUAO_C2hCgvLa4dN8zkPehtmogKe3KeHdD0oVuZybzVhGPfYlHTVtcRV3VoC6_jJCfKTchD8z3ornkfVtJt0SftuqpSHrdzvZvsGBd2jb0g6SEbBk4SIdshDEYJ2DF9iN1BBTm4MHa2QGNxiMMwL0f2QXfqc8XAOs32g:1kICzA:TDYvxlcdyqswPg8tyK4XKOUNA_iO412c_FnKFPVEdqA", "expire_date": "2020-09-29T15:35:12.010Z"}}, {"model": "sessions.session", "pk": "a2b1vct3075uojyysk2pcvpeehm9ta41", "fields": {"session_data": ".eJxVjEsOwiAUAO_C2hCgvLa4dN8zkPehtmogKe3KeHdD0oVuZybzVhGPfYlHTVtcRV3VoC6_jJCfKTchD8z3ornkfVtJt0SftuqpSHrdzvZvsGBd2jb0g6SEbBk4SIdshDEYJ2DF9iN1BBTm4MHa2QGNxiMMwL0f2QXfqc8XAOs32g:1kE4lx:do1HqbSFXZcKJb5YFyeAJVNCXQqLuhSew24Gn9hi6wA", "expire_date": "2020-09-18T06:00:29.137Z"}}, {"model": "sessions.session", "pk": "ad1wjhk0pk4y2py7806biyxh06yn73oc", "fields": {"session_data": ".eJxVjDsOwjAQBe_iGln4FzuU9DmDtd5d4wCypTipEHeHSCmgfTPzXiLCtpa4dV7iTOIilDj9bgnwwXUHdId6axJbXZc5yV2RB-1yasTP6-H-HRTo5Vt7xOycR9CMZFLwYVTWG7RDQg9AZMIIpDKbpMlYq41LiGccrLeKVRbvDwRrOIw:1kD0Wf:nt1qFht9ybzikC3I2Yr14Igut3yuQMNSiG2eCQJOFNM", "expire_date": "2020-09-15T07:16:17.466Z"}}, {"model": "sessions.session", "pk": "e4nudlr0b3llwh20u5ow8f01j83s1ipm", "fields": {"session_data": ".eJxVjEsOwiAUAO_C2hCgvLa4dN8zkPehtmogKe3KeHdD0oVuZybzVhGPfYlHTVtcRV3VoC6_jJCfKTchD8z3ornkfVtJt0SftuqpSHrdzvZvsGBd2jb0g6SEbBk4SIdshDEYJ2DF9iN1BBTm4MHa2QGNxiMMwL0f2QXfqc8XAOs32g:1kEV0L:lLaE6QA_iuM009-keCJrDXSsl7TIMr9S6MPtOg4N4aM", "expire_date": "2020-09-19T10:01:05.821Z"}}, {"model": "sessions.session", "pk": "g45qijslquzqgod3ukbd9pijew627ac5", "fields": {"session_data": ".eJxVjDsOwjAQBe_iGlk4mziBkp4zWOu3axxAtpRPhbg7REoB7ZuZ9zKB1yWHddYpjGLOxpvD7xYZDy0bkDuXW7WoZZnGaDfF7nS21yr6vOzu30HmOX9rJQF14lKjngE3oBmOTlskQoRrEcUp9VDpPXNS8QQCk9eeTl2CeX8AIlQ5pg:1kE4fx:T-_NXK99qgjl02Vtd12YlXcKNgjiI-cbiAY81xi5KPA", "expire_date": "2020-09-18T05:54:17.333Z"}}, {"model": "sessions.session", "pk": "ghw6pjyd5q8txaxvsje6ojgti56qjs4f", "fields": {"session_data": "eyJjYXJ0X2lkIjoxOH0:1kHTgX:_yi_kCX-ydaQtEGWRgf8_lEhnJZS1F3Mjdb69RJDTfQ", "expire_date": "2020-09-27T15:12:57.452Z"}}, {"model": "sessions.session", "pk": "gvsbx6unb14i3weedx8iag087h0pret5", "fields": {"session_data": ".eJxVjDsOwjAQBe_iGlk4mziBkp4zWOu3axxAtpRPhbg7REoB7ZuZ9zKB1yWHddYpjGLOxpvD7xYZDy0bkDuXW7WoZZnGaDfF7nS21yr6vOzu30HmOX9rJQF14lKjngE3oBmOTlskQoRrEcUp9VDpPXNS8QQCk9eeTl2CeX8AIlQ5pg:1kDivf:f3DsinNIrTXZ-7kzOZUUo_JAmZOwVVM3PfxUzoswjDE", "expire_date": "2020-09-17T06:41:03.972Z"}}, {"model": "sessions.session", "pk": "l8p8jm5r7fk7cw3ox4hs8klblrvxbme0", "fields": {"session_data": ".eJxVjEEOwiAQRe_C2hCmFGRcuu8ZyMCAVA0kpV0Z765NutDtf-_9l_C0rcVvPS1-ZnERRpx-t0DxkeoO-E711mRsdV3mIHdFHrTLqXF6Xg_376BQL9-aXISRlLFnQnQ2R21HSBkJdA5aJ46OgVyKLivIGlmbwQGEgGhYDSjeH-tgN-E:1kIumQ:4cM2_22VWRcR6ruUE_l-6aIYcUWIZGaBxHsk9yrOxck", "expire_date": "2020-10-01T14:20:58.001Z"}}, {"model": "sessions.session", "pk": "ljbpvyolddhubp08l99md74blib12er3", "fields": {"session_data": ".eJxVjEEOwiAQRe_C2hCmFGRcuu8ZyMCAVA0kpV0Z765NutDtf-_9l_C0rcVvPS1-ZnERRpx-t0DxkeoO-E711mRsdV3mIHdFHrTLqXF6Xg_376BQL9-aXISRlLFnQnQ2R21HSBkJdA5aJ46OgVyKLivIGlmbwQGEgGhYDSjeH-tgN-E:1kIC9U:iQVG7kRsos-qjndzCzhmsEtTsR0ERJK0ud5uzXSdN2E", "expire_date": "2020-09-29T14:41:48.857Z"}}, {"model": "sessions.session", "pk": "mpzphfe0vsjgg6d09962x3sbxu34cbhj", "fields": {"session_data": ".eJxVjDsOwjAQBe_iGln4FzuU9DmDtd5d4wCypTipEHeHSCmgfTPzXiLCtpa4dV7iTOIilDj9bgnwwXUHdId6axJbXZc5yV2RB-1yasTP6-H-HRTo5Vt7xOycR9CMZFLwYVTWG7RDQg9AZMIIpDKbpMlYq41LiGccrLeKVRbvDwRrOIw:1kDgLJ:eZMl0_N7TbLJl_AdTRN3mjZMPvhqFeHSSp8Q7iijuWw", "expire_date": "2020-09-17T03:55:21.136Z"}}, {"model": "sessions.session", "pk": "nxrizfoyo6v16v6hfd8n8hiukcp69kpx", "fields": {"session_data": ".eJxVjssOwiAURP-FtSHyKtSl-34DudwLUjU0Aboy_rut6UK3c2ZO5sU8rD37tcXqZ2IXJtjpNwuAj1h2QHcot4XjUnqdA98r_KCNTwvF5_Xo_gkytLytLWIyxiLIiKSCs24U2irUQ0ALQKTcCCRSVEGS0loqExDPOGirRRRpkyLU_v0o3h_BWTw9:1kCeHu:q1Q3n5uFRz7MHFZ586dZ2PxFFeLTLwK4JrSehAZBVFQ", "expire_date": "2020-09-14T07:31:34.546Z"}}, {"model": "sessions.session", "pk": "o80mclqutn22xi2cfmlcphfu95pjsqbq", "fields": {"session_data": ".eJxVjsEOgjAQRP-lZ9N0W4pdj975BrLdbS1qIClwMv67YDjodd7My7xUT-tS-nVOtR9EXZRXp98sEj_SuAO503ibNE_jUoeo94o-6Ky7SdLzenT_BIXmsq0pMDRkfHsmxNBmdm0DKSOBy9G5JBwEKCQO2UB2KM7bABAjohdjcZMy1eX70fr3B9vbO8g:1kICY4:PsmP6JCBJoPFMA2DQ7nkVOuu06HSYEiGSAfYv7K2guQ", "expire_date": "2020-09-29T15:07:12.550Z"}}, {"model": "sessions.session", "pk": "oyxhj6jvr8kih59lcb782uc54nzpzqre", "fields": {"session_data": "eyJjYXJ0X2lkIjoxMX0:1kDgHB:SokY0a8gEzg2TgbhftbbjhikN1dUfTNXOHF_hyU93Y8", "expire_date": "2020-09-17T03:51:05.487Z"}}, {"model": "sessions.session", "pk": "p45qsdpv8vuyzbxenalpht7d8kaj2w51", "fields": {"session_data": ".eJxVjEsOwiAUAO_C2hCgvLa4dN8zkPehtmogKe3KeHdD0oVuZybzVhGPfYlHTVtcRV3VoC6_jJCfKTchD8z3ornkfVtJt0SftuqpSHrdzvZvsGBd2jb0g6SEbBk4SIdshDEYJ2DF9iN1BBTm4MHa2QGNxiMMwL0f2QXfqc8XAOs32g:1kL6pS:Iac4oebyPD_MPinL82bOyF2II11wHidiOQqnrbIlxlQ", "expire_date": "2020-10-07T15:37:10.775Z"}}, {"model": "sessions.session", "pk": "q2imsdhvl54au3rqoejw9wfxlwx5hytx", "fields": {"session_data": ".eJxVjEsOwiAUAO_C2hCgvLa4dN8zkPehtmogKe3KeHdD0oVuZybzVhGPfYlHTVtcRV3VoC6_jJCfKTchD8z3ornkfVtJt0SftuqpSHrdzvZvsGBd2jb0g6SEbBk4SIdshDEYJ2DF9iN1BBTm4MHa2QGNxiMMwL0f2QXfqc8XAOs32g:1kIufM:N3CUllwaiyJTW4YncfkAmcYNf-xg4BRDg6L-Gxll070", "expire_date": "2020-10-01T14:13:40.294Z"}}, {"model": "sessions.session", "pk": "qnm718mo5c5a8kog07j9u0kqgdz7o3o6", "fields": {"session_data": "e30:1kDgEn:Uy0nlzBwXKURqdIypbp3B5DBFFJsk00bLdLq1F_lYBY", "expire_date": "2020-09-17T03:48:37.257Z"}}, {"model": "sessions.session", "pk": "sa9r3y0wt91e229wya9ax9021svofax6", "fields": {"session_data": ".eJxVjEEOwiAQRe_C2hBAoIxL9z0DGZhBqoYmpV0Z765NutDtf-_9l4i4rTVunZc4kbiIszj9bgnzg9sO6I7tNss8t3WZktwVedAux5n4eT3cv4OKvX5rBHLegAO0iqiARj945WwhxJCYMVgNiUxQwQadDGmThwJgnCcMisX7A-bqN-M:1kDN9r:4agMC9FIvF25gMvz4cBQ5tQUQf0O1asmvZ3s6t9eH7s", "expire_date": "2020-09-16T07:26:15.184Z"}}, {"model": "sessions.session", "pk": "vbenlbvttn0xeuv13najp8gepthjluqx", "fields": {"session_data": ".eJxVjDsOwjAQBe_iGlk4mziBkp4zWOu3axxAtpRPhbg7REoB7ZuZ9zKB1yWHddYpjGLOxpvD7xYZDy0bkDuXW7WoZZnGaDfF7nS21yr6vOzu30HmOX9rJQF14lKjngE3oBmOTlskQoRrEcUp9VDpPXNS8QQCk9eeTl2CeX8AIlQ5pg:1kEV0e:TmW_4yRv8oW3f2U-METU37PJ1ayR1a4QJEdC3WgQcMk", "expire_date": "2020-09-19T10:01:24.320Z"}}, {"model": "sessions.session", "pk": "vyzfh409hqv5bkfonytew57cx0kq69lh", "fields": {"session_data": ".eJxVjEEOgjAQRe_StWk6MJSOS_ecgUyZ0aKmTSisjHdXEha6_e-9_zIjb2sat6rLOIs5m2BOv1vk6aF5B3LnfCt2Knld5mh3xR602qGIPi-H-3eQuKZvTdqgADvoELR3jbaOAK8EQaAjQeTQO-w0cB85eiIgDxGpbZ1H9GTeH7UUNjI:1kGkYk:-1S0HIgqrV_TGoo7n2CPUgn6FfCXb7LlBHWdcAnc_08", "expire_date": "2020-09-25T15:01:54.368Z"}}, {"model": "sessions.session", "pk": "xbpfta74maut8047u1hji9ix1rjqg6wi", "fields": {"session_data": ".eJxVjMsOwiAQRf-FtSHyKtSle7-BDDMgVQMJ0JXx37Wmm27POfe-GUIbfiF2kSfmYR3Zrz22P2GCHVgAfMayCXpAuVeOtYy2BL4lfLed3yrF13VvDwcZev6tLWIyxiLIiKSCs24W2irUU0ALQKTcDCRSVEGS0loqExDPOGmrRRSJfb6Ymzw-:1kCeef:dnnV_SZCHeVNDAkhWcBaVpAkPvCRIbM1pXy5oMVbTrI", "expire_date": "2020-09-14T07:55:05.810Z"}}, {"model": "sessions.session", "pk": "xzpdd5fukl9im4uramoij4aueg2gfjlu", "fields": {"session_data": ".eJxVjDsOwjAQBe_iGln4FzuU9DmDtd5d4wCypTipEHeHSCmgfTPzXiLCtpa4dV7iTOIilDj9bgnwwXUHdId6axJbXZc5yV2RB-1yasTP6-H-HRTo5Vt7xOycR9CMZFLwYVTWG7RDQg9AZMIIpDKbpMlYq41LiGccrLeKVRbvDwRrOIw:1kBbtz:gs2msFgjIAtIIea96j9aTwyMCQr-BCDci2iu_H2E_hg", "expire_date": "2020-09-11T10:46:35.673Z"}}, {"model": "sessions.session", "pk": "z1yi78d0f18liyn6u2x754retp9iyq3i", "fields": {"session_data": ".eJxVjDsOwjAQBe_iGln4FzuU9DmDtd5d4wCypTipEHeHSCmgfTPzXiLCtpa4dV7iTOIilDj9bgnwwXUHdId6axJbXZc5yV2RB-1yasTP6-H-HRTo5Vt7xOycR9CMZFLwYVTWG7RDQg9AZMIIpDKbpMlYq41LiGccrLeKVRbvDwRrOIw:1kDr0g:QdgizEBVX8FzDhcgBqdfihElzZDzdYTA9GCbZtOHIzM", "expire_date": "2020-09-17T15:18:46.457Z"}}, {"model": "sessions.session", "pk": "z619g9pa67xntp0li3a9zocy4pcf90ro", "fields": {"session_data": ".eJxVjEsOwiAUAO_C2hCgvLa4dN8zkPehtmogKe3KeHdD0oVuZybzVhGPfYlHTVtcRV3VoC6_jJCfKTchD8z3ornkfVtJt0SftuqpSHrdzvZvsGBd2jb0g6SEbBk4SIdshDEYJ2DF9iN1BBTm4MHa2QGNxiMMwL0f2QXfqc8XAOs32g:1kE4pz:ekYf9khfxWhW1OST4D2Abt57vk_Q3hiuW1MWFIS4HZ4", "expire_date": "2020-09-18T06:04:39.117Z"}}, {"model": "sessions.session", "pk": "zob7pc7rveoy1fu3ri9cdpcmylkzcc5y", "fields": {"session_data": ".eJxVjDsOwjAQBe_iGln4FzuU9DmDtd5d4wCypTipEHeHSCmgfTPzXiLCtpa4dV7iTOIilDj9bgnwwXUHdId6axJbXZc5yV2RB-1yasTP6-H-HRTo5Vt7xOycR9CMZFLwYVTWG7RDQg9AZMIIpDKbpMlYq41LiGccrLeKVRbvDwRrOIw:1kOiR2:qdJwi2LLHrSfOAGNHn_CRxWPEkqUK2JNT-absYruPRQ", "expire_date": "2020-10-17T14:22:52.900Z"}}, {"model": "ecomapp.category", "pk": 1, "fields": {"title": "Electronics Items", "slug": "electronics-items"}}, {"model": "ecomapp.category", "pk": 2, "fields": {"title": "Clothings and Fashion", "slug": "clothings-and-fashion"}}, {"model": "ecomapp.product", "pk": 1, "fields": {"title": "Rolex Watch", "slug": "rolex-watch", "category": 1, "image": "products/rolex.jpg", "marked_price": 15000, "selling_price": 12500, "description": "Rolex is the best watch that we have.", "warranty": "2 years warranty", "return_policy": "1 week return if not damaged. conditions apply.", "view_count": 13}}, {"model": "ecomapp.product", "pk": 2, "fields": {"title": "Dell Led Monitor", "slug": "dell-led-monitor", "category": 1, "image": "products/dell-mon.jpg", "marked_price": 20000, "selling_price": 18000, "description": "this is the best 32 inch monitor. this is the best 32 inch monitor. this is the best 32 inch monitor. this is the best 32 inch monitor. this is the best 32 inch monitor. this is the best 32 inch monitor. this is the best 32 inch monitor. this is the best 32 inch monitor. this is the best 32 inch monitor. this is the best 32 inch monitor. this is the best 32 inch monitor. this is the best 32 inch monitor. this is the best 32 inch monitor. this is the best 32 inch monitor. this is the best 32 inch monitor. this is the best 32 inch monitor. this is the best 32 inch monitor. this is the best 32 inch monitor. this is the best 32 inch monitor. this is the best 32 inch monitor. this is the best 32 inch monitor. this is the best 32 inch monitor. this is the best 32 inch monitor. this is the best 32 inch monitor. this is the best 32 inch monitor. this is the best 32 inch monitor. this is the best 32 inch monitor. this is the best 32 inch monitor. this is the best 32 inch monitor. this is the best 32 inch monitor. this is the best 32 inch monitor. this is the best 32 inch monitor. this is the best 32 inch monitor.", "warranty": "3 years warranty", "return_policy": "1 month return time.", "view_count": 9}}, {"model": "ecomapp.product", "pk": 3, "fields": {"title": "Iphone X Pro", "slug": "iphone-x-pro", "category": 1, "image": "products/iphone.jpg", "marked_price": 50000, "selling_price": 45000, "description": "THis is the smartest mobile ever. THis is the smartest mobile ever. THis is the smartest mobile ever. THis is the smartest mobile ever. THis is the smartest mobile ever. THis is the smartest mobile ever. THis is the smartest mobile ever. THis is the smartest mobile ever. THis is the smartest mobile ever.", "warranty": "2 years warranty", "return_policy": "1 week return if not damaged. conditions apply.", "view_count": 1}}, {"model": "ecomapp.product", "pk": 4, "fields": {"title": "Samsung Television", "slug": "samsung-television", "category": 1, "image": "products/samsung-tv.webp", "marked_price": 45000, "selling_price": 42000, "description": "This is the samsung television. This is the samsung television. This is the samsung television. This is the samsung television. This is the samsung television. This is the samsung television. This is the samsung television. This is the samsung television. This is the samsung television. This is the samsung television. This is the samsung television. This is the samsung television. This is the samsung television. This is the samsung television. This is the samsung television. This is the samsung television. This is the samsung television. This is the samsung television. This is the samsung television. This is the samsung television. This is the samsung television.", "warranty": "3 years warranty", "return_policy": "1 month return time.", "view_count": 4}}, {"model": "ecomapp.product", "pk": 5, "fields": {"title": "Mens Blazers", "slug": "mens-blazer", "category": 2, "image": "products/mens-casual-blazer-500x500.jpg", "marked_price": 3500, "selling_price": 3000, "description": "This is the mens Blazer. This is the mens Blazer. This is the mens Blazer. This is the mens Blazer. This is the mens Blazer. This is the mens Blazer. This is the mens Blazer. This is the mens Blazer. This is the mens Blazer. This is the mens Blazer. This is the mens Blazer. This is the mens Blazer. This is the mens Blazer. This is the mens Blazer. This is the mens Blazer. This is the mens Blazer. This is the mens Blazer. This is the mens Blazer. This is the mens Blazer. This is the mens Blazer. This is the mens Blazer. This is the mens Blazer. This is the mens Blazer. This is the mens Blazer.", "warranty": "No warranty", "return_policy": "1 year return policy", "view_count": 0}}, {"model": "ecomapp.product", "pk": 6, "fields": {"title": "Womens Blazer", "slug": "womens-blazer", "category": 2, "image": "products/silky-blazer--gz504985-s5-produit-1300x1399.jpg", "marked_price": 4500, "selling_price": 4000, "description": "THis is the womens blazer. THis is the womens blazer. THis is the womens blazer. THis is the womens blazer. THis is the womens blazer. THis is the womens blazer. THis is the womens blazer. THis is the womens blazer. THis is the womens blazer. THis is the womens blazer. THis is the womens blazer. THis is the womens blazer. THis is the womens blazer. THis is the womens blazer. THis is the womens blazer.", "warranty": "No warranty", "return_policy": "1 week return if not damaged. conditions apply.", "view_count": 4}}, {"model": "ecomapp.product", "pk": 7, "fields": {"title": "HP laptop", "slug": "hp-laptop", "category": 1, "image": "products/laptop.jpeg", "marked_price": 60000, "selling_price": 58000, "description": "This is the best laptop ever. This is the best laptop ever. This is the best laptop ever. This is the best laptop ever. This is the best laptop ever. This is the best laptop ever. This is the best laptop ever. This is the best laptop ever. This is the best laptop ever.", "warranty": "2 years warranty", "return_policy": "1 week return if not damaged. conditions apply.", "view_count": 3}}, {"model": "ecomapp.product", "pk": 8, "fields": {"title": "Saree", "slug": "saree", "category": 2, "image": "products/saree.webp", "marked_price": 5000, "selling_price": 4500, "description": "This is the best saree. This is the best saree. This is the best saree. This is the best saree. This is the best saree. This is the best saree. This is the best saree. This is the best saree. This is the best saree. This is the best saree. This is the best saree. This is the best saree. This is the best saree. This is the best saree. This is the best saree.", "warranty": "No warranty", "return_policy": "1 week return if not damaged. conditions apply.", "view_count": 1}}, {"model": "ecomapp.product", "pk": 9, "fields": {"title": "KN 95 Masks", "slug": "kn-95-masks", "category": 2, "image": "products/kn95.jpeg", "marked_price": 150, "selling_price": 120, "description": "Go Corona. Go Corona. Go Corona. Go Corona. Go Corona. Go Corona. Go Corona. Go Corona. Go Corona. Go Corona. Go Corona. Go Corona. Go Corona. Go Corona. Go Corona. Go Corona. Go Corona. Go Corona. Go Corona. Go Corona. Go Corona.", "warranty": "No warranty", "return_policy": "No return policy", "view_count": 4}}, {"model": "ecomapp.product", "pk": 10, "fields": {"title": "Samsung Galaxy s7", "slug": "samsung-galaxy-s7", "category": 1, "image": "products/galaxy_s7.jpg", "marked_price": 35000, "selling_price": 32000, "description": "Tihs is samsung galaxy s7 mobile.", "warranty": "2 years warranty", "return_policy": "1 week return if not damaged. conditions apply.", "view_count": 0}}, {"model": "ecomapp.product", "pk": 11, "fields": {"title": "Samsung Gear", "slug": "samsung-gear", "category": 1, "image": "products/samsung_watch.jpg", "marked_price": 8000, "selling_price": 7000, "description": "Samsung Galaxy gear. Smart watch.", "warranty": "3 years warranty", "return_policy": "1 week return if not damaged. conditions apply.", "view_count": 2}}, {"model": "ecomapp.product", "pk": 12, "fields": {"title": "Apple watch", "slug": "apple-watch", "category": 1, "image": "products/apple-watch.jpeg", "marked_price": 12000, "selling_price": 10500, "description": "This is apple smart watch.", "warranty": "2 years warranty", "return_policy": "1 week return if not damaged. conditions apply.", "view_count": 2}}, {"model": "ecomapp.product", "pk": 13, "fields": {"title": "Smart Watch", "slug": "smart-watch", "category": 1, "image": "products/watch2.jpg", "marked_price": 5600, "selling_price": 5000, "description": "This is smart watch.", "warranty": "No warranty", "return_policy": "No return policy", "view_count": 2}}, {"model": "ecomapp.product", "pk": 14, "fields": {"title": "Apple Iphone x", "slug": "apple-iphone-x", "category": 1, "image": "products/iphonex.jpg", "marked_price": 65000, "selling_price": 63000, "description": "This is apple Iphone X with IOS 12 os.", "warranty": "2 years warranty", "return_policy": "1 week return if not damaged. conditions apply.", "view_count": 2}}, {"model": "ecomapp.product", "pk": 15, "fields": {"title": "I love Nepal Tshirt", "slug": "i-love-nepal-tshirt", "category": 2, "image": "products/ilovenepal.jpg", "marked_price": 500, "selling_price": 450, "description": "I love nepal tshirt best quality, black color.", "warranty": "No warranty", "return_policy": "No return policy", "view_count": 2}}, {"model": "ecomapp.product", "pk": 16, "fields": {"title": "Half Pant for Men", "slug": "half-pant-for-men", "category": 2, "image": "products/half-pant-500x500.jpg", "marked_price": 1500, "selling_price": 1350, "description": "This is the best half pant for men. You can wear it in summer.", "warranty": "No warranty", "return_policy": "No return policy", "view_count": 0}}, {"model": "ecomapp.product", "pk": 17, "fields": {"title": "Saree for Girl", "slug": "saree-for-girl", "category": 2, "image": "products/saree.jpg", "marked_price": 15, "selling_price": 10, "description": "This is the best sari for married and unmarried women.", "warranty": "No warranty", "return_policy": "No return policy", "view_count": 5}}, {"model": "ecomapp.product", "pk": 18, "fields": {"title": "Water jar", "slug": "water-jar", "category": 2, "image": "products/jar.jpg", "marked_price": 350, "selling_price": 300, "description": "This is the strongest jar. This is the strongest jar. This is the strongest jar. This is the strongest jar. This is the strongest jar. This is the strongest jar. This is the strongest jar. This is the strongest jar. This is the strongest jar. This is the strongest jar. This is the strongest jar. This is the strongest jar. This is the strongest jar. This is the strongest jar. This is the strongest jar. This is the strongest jar. This is the strongest jar. This is the strongest jar. This is the strongest jar. This is the strongest jar. This is the strongest jar. This is the strongest jar. This is the strongest jar. This is the strongest jar.", "warranty": "No warranty", "return_policy": "No return policy", "view_count": 13}}, {"model": "ecomapp.product", "pk": 19, "fields": {"title": "Raspberry Pi", "slug": "raspberry", "category": 1, "image": "products/pexels-free-creative-stuff-1476321.jpg", "marked_price": 10, "selling_price": 200, "description": "Raspberry Pi is a series of small single-board computers developed in the United Kingdom by the Raspberry Pi Foundation in association with Broadcom. The Raspberry Pi project originally leaned towards the promotion of teaching basic computer science in schools and in developing countries.", "warranty": "12 Months Guarantee", "return_policy": "You can return this product anytime", "view_count": 5}}, {"model": "ecomapp.productimage", "pk": 1, "fields": {"product": 1, "image": "products/images/apple-watch.jpeg"}}, {"model": "ecomapp.productimage", "pk": 2, "fields": {"product": 1, "image": "products/images/watch2.jpg"}}, {"model": "ecomapp.productimage", "pk": 3, "fields": {"product": 7, "image": "products/images/laptop_hp.jpeg"}}, {"model": "ecomapp.productimage", "pk": 4, "fields": {"product": 7, "image": "products/images/laptop_hp_hp.jpg"}}, {"model": "ecomapp.productimage", "pk": 5, "fields": {"product": 18, "image": "products/images/jar2.jpeg"}}, {"model": "ecomapp.productimage", "pk": 6, "fields": {"product": 18, "image": "products/images/jar1.jpg"}}, {"model": "ecomapp.productimage", "pk": 7, "fields": {"product": 18, "image": "products/images/masoor_daal.jpg"}}, {"model": "ecomapp.productimage", "pk": 8, "fields": {"product": 19, "image": "products/images/pexels-free-creative-stuff-1476321.jpg"}}, {"model": "ecomapp.cart", "pk": 12, "fields": {"customer": null, "total": 3000, "created_at": "2020-09-03T03:56:14.994Z"}}, {"model": "ecomapp.cart", "pk": 13, "fields": {"customer": null, "total": 57500, "created_at": "2020-09-03T03:58:48.588Z"}}, {"model": "ecomapp.cart", "pk": 14, "fields": {"customer": null, "total": 42000, "created_at": "2020-09-03T06:35:16.160Z"}}, {"model": "ecomapp.cart", "pk": 15, "fields": {"customer": null, "total": 58000, "created_at": "2020-09-03T06:36:32.261Z"}}, {"model": "ecomapp.cart", "pk": 16, "fields": {"customer": null, "total": 58000, "created_at": "2020-09-11T14:59:54.809Z"}}, {"model": "ecomapp.cart", "pk": 17, "fields": {"customer": null, "total": 1350, "created_at": "2020-09-13T15:12:39.237Z"}}, {"model": "ecomapp.cart", "pk": 18, "fields": {"customer": null, "total": 0, "created_at": "2020-09-13T15:12:57.162Z"}}, {"model": "ecomapp.cart", "pk": 19, "fields": {"customer": null, "total": 1350, "created_at": "2020-09-15T13:58:02.754Z"}}, {"model": "ecomapp.cart", "pk": 20, "fields": {"customer": null, "total": 15000, "created_at": "2020-09-15T14:06:35.918Z"}}, {"model": "ecomapp.cart", "pk": 21, "fields": {"customer": null, "total": 450, "created_at": "2020-09-15T14:12:31.565Z"}}, {"model": "ecomapp.cart", "pk": 22, "fields": {"customer": null, "total": 10, "created_at": "2020-09-15T14:27:54.822Z"}}, {"model": "ecomapp.cart", "pk": 23, "fields": {"customer": null, "total": 10, "created_at": "2020-09-15T14:38:08.306Z"}}, {"model": "ecomapp.cart", "pk": 24, "fields": {"customer": null, "total": 10, "created_at": "2020-09-15T14:41:42.284Z"}}, {"model": "ecomapp.cart", "pk": 25, "fields": {"customer": null, "total": 10, "created_at": "2020-09-15T15:07:12.283Z"}}, {"model": "ecomapp.cart", "pk": 26, "fields": {"customer": null, "total": 10, "created_at": "2020-09-15T15:10:06.931Z"}}, {"model": "ecomapp.cart", "pk": 27, "fields": {"customer": null, "total": 10, "created_at": "2020-09-15T15:13:20.769Z"}}, {"model": "ecomapp.cart", "pk": 28, "fields": {"customer": null, "total": 10, "created_at": "2020-09-15T15:28:40.696Z"}}, {"model": "ecomapp.cart", "pk": 29, "fields": {"customer": null, "total": 10, "created_at": "2020-09-15T15:35:46.239Z"}}, {"model": "ecomapp.cart", "pk": 30, "fields": {"customer": null, "total": 10, "created_at": "2020-09-15T15:39:30.838Z"}}, {"model": "ecomapp.cart", "pk": 31, "fields": {"customer": null, "total": 10, "created_at": "2020-09-17T13:00:03.529Z"}}, {"model": "ecomapp.cart", "pk": 32, "fields": {"customer": null, "total": 10, "created_at": "2020-09-17T13:54:33.308Z"}}, {"model": "ecomapp.cart", "pk": 33, "fields": {"customer": null, "total": 10, "created_at": "2020-09-17T13:58:36.336Z"}}, {"model": "ecomapp.cart", "pk": 34, "fields": {"customer": null, "total": 10, "created_at": "2020-09-17T14:01:57.770Z"}}, {"model": "ecomapp.cart", "pk": 35, "fields": {"customer": null, "total": 450, "created_at": "2020-09-17T14:05:03.324Z"}}, {"model": "ecomapp.cart", "pk": 36, "fields": {"customer": null, "total": 10, "created_at": "2020-09-17T14:06:51.042Z"}}, {"model": "ecomapp.cart", "pk": 37, "fields": {"customer": null, "total": 10, "created_at": "2020-09-17T14:08:51.468Z"}}, {"model": "ecomapp.cart", "pk": 38, "fields": {"customer": null, "total": 10, "created_at": "2020-09-17T14:09:34.107Z"}}, {"model": "ecomapp.cart", "pk": 39, "fields": {"customer": null, "total": 10, "created_at": "2020-09-17T14:12:46.985Z"}}, {"model": "ecomapp.cart", "pk": 40, "fields": {"customer": null, "total": 10, "created_at": "2020-09-17T14:16:27.509Z"}}, {"model": "ecomapp.cart", "pk": 41, "fields": {"customer": null, "total": 10, "created_at": "2020-09-17T14:17:21.064Z"}}, {"model": "ecomapp.cart", "pk": 42, "fields": {"customer": null, "total": 10, "created_at": "2020-09-17T14:19:44.688Z"}}, {"model": "ecomapp.cart", "pk": 43, "fields": {"customer": null, "total": 450, "created_at": "2020-09-17T14:20:39.262Z"}}, {"model": "ecomapp.cart", "pk": 44, "fields": {"customer": null, "total": 1350, "created_at": "2020-09-23T15:25:21.890Z"}}, {"model": "ecomapp.cart", "pk": 45, "fields": {"customer": 7, "total": 42000, "created_at": "2021-05-17T18:41:02.380Z"}}, {"model": "ecomapp.cart", "pk": 46, "fields": {"customer": 7, "total": 900, "created_at": "2021-05-17T18:43:57.329Z"}}, {"model": "ecomapp.cart", "pk": 47, "fields": {"customer": 7, "total": 18450, "created_at": "2021-05-18T16:07:48.769Z"}}, {"model": "ecomapp.cart", "pk": 48, "fields": {"customer": 7, "total": 18000, "created_at": "2021-05-18T16:11:32.784Z"}}, {"model": "ecomapp.cart", "pk": 49, "fields": {"customer": 8, "total": 300, "created_at": "2021-05-18T16:12:55.095Z"}}, {"model": "ecomapp.cart", "pk": 50, "fields": {"customer": 7, "total": 12500, "created_at": "2021-05-18T16:15:23.437Z"}}, {"model": "ecomapp.cart", "pk": 51, "fields": {"customer": 7, "total": 30500, "created_at": "2021-05-18T16:15:46.022Z"}}, {"model": "ecomapp.cart", "pk": 52, "fields": {"customer": null, "total": 200, "created_at": "2021-05-18T18:16:49.797Z"}}, {"model": "ecomapp.cart", "pk": 53, "fields": {"customer": 7, "total": 200, "created_at": "2021-05-18T18:17:36.654Z"}}, {"model": "ecomapp.cart", "pk": 54, "fields": {"customer": 7, "total": 200, "created_at": "2021-05-18T18:18:16.855Z"}}, {"model": "ecomapp.cart", "pk": 55, "fields": {"customer": 7, "total": 200, "created_at": "2021-05-18T18:23:02.171Z"}}, {"model": "ecomapp.cart", "pk": 56, "fields": {"customer": 7, "total": 0, "created_at": "2021-05-18T18:26:25.118Z"}}, {"model": "ecomapp.cart", "pk": 57, "fields": {"customer": 7, "total": 18000, "created_at": "2021-05-18T18:58:10.759Z"}}, {"model": "ecomapp.cart", "pk": 58, "fields": {"customer": 7, "total": 200, "created_at": "2021-05-18T19:01:37.472Z"}}, {"model": "ecomapp.cart", "pk": 59, "fields": {"customer": 7, "total": 1000, "created_at": "2021-05-18T19:12:33.577Z"}}, {"model": "ecomapp.cart", "pk": 60, "fields": {"customer": 7, "total": 13000, "created_at": "2021-05-18T21:55:58.563Z"}}, {"model": "ecomapp.cart", "pk": 61, "fields": {"customer": 7, "total": 200, "created_at": "2021-05-18T22:04:02.346Z"}}, {"model": "ecomapp.cart", "pk": 62, "fields": {"customer": null, "total": 32000, "created_at": "2021-05-18T22:15:03.451Z"}}, {"model": "ecomapp.cart", "pk": 63, "fields": {"customer": 7, "total": 63210, "created_at": "2021-05-18T22:15:56.807Z"}}, {"model": "ecomapp.cart", "pk": 64, "fields": {"customer": 7, "total": 45200, "created_at": "2021-05-18T22:16:48.535Z"}}, {"model": "ecomapp.cart", "pk": 65, "fields": {"customer": 7, "total": 0, "created_at": "2021-05-18T22:19:20.625Z"}}, {"model": "ecomapp.cart", "pk": 66, "fields": {"customer": 7, "total": 21550, "created_at": "2021-05-18T22:53:16.183Z"}}, {"model": "ecomapp.cart", "pk": 67, "fields": {"customer": 9, "total": 45000, "created_at": "2021-05-18T22:57:08.078Z"}}, {"model": "ecomapp.cart", "pk": 68, "fields": {"customer": 7, "total": 45200, "created_at": "2021-05-19T11:04:16.383Z"}}, {"model": "ecomapp.cart", "pk": 69, "fields": {"customer": 7, "total": 500, "created_at": "2021-05-19T11:05:20.242Z"}}, {"model": "ecomapp.cartproduct", "pk": 30, "fields": {"cart": 12, "product": 5, "rate": 3000, "quantity": 1, "subtotal": 3000}}, {"model": "ecomapp.cartproduct", "pk": 31, "fields": {"cart": 13, "product": 1, "rate": 12500, "quantity": 1, "subtotal": 12500}}, {"model": "ecomapp.cartproduct", "pk": 32, "fields": {"cart": 13, "product": 3, "rate": 45000, "quantity": 1, "subtotal": 45000}}, {"model": "ecomapp.cartproduct", "pk": 33, "fields": {"cart": 14, "product": 4, "rate": 42000, "quantity": 1, "subtotal": 42000}}, {"model": "ecomapp.cartproduct", "pk": 34, "fields": {"cart": 15, "product": 7, "rate": 58000, "quantity": 1, "subtotal": 58000}}, {"model": "ecomapp.cartproduct", "pk": 36, "fields": {"cart": 16, "product": 7, "rate": 58000, "quantity": 1, "subtotal": 58000}}, {"model": "ecomapp.cartproduct", "pk": 37, "fields": {"cart": 17, "product": 16, "rate": 1350, "quantity": 1, "subtotal": 1350}}, {"model": "ecomapp.cartproduct", "pk": 39, "fields": {"cart": 19, "product": 16, "rate": 1350, "quantity": 1, "subtotal": 1350}}, {"model": "ecomapp.cartproduct", "pk": 40, "fields": {"cart": 20, "product": 17, "rate": 15000, "quantity": 1, "subtotal": 15000}}, {"model": "ecomapp.cartproduct", "pk": 41, "fields": {"cart": 21, "product": 15, "rate": 450, "quantity": 1, "subtotal": 450}}, {"model": "ecomapp.cartproduct", "pk": 42, "fields": {"cart": 22, "product": 17, "rate": 10, "quantity": 1, "subtotal": 10}}, {"model": "ecomapp.cartproduct", "pk": 43, "fields": {"cart": 23, "product": 17, "rate": 10, "quantity": 1, "subtotal": 10}}, {"model": "ecomapp.cartproduct", "pk": 44, "fields": {"cart": 24, "product": 17, "rate": 10, "quantity": 1, "subtotal": 10}}, {"model": "ecomapp.cartproduct", "pk": 45, "fields": {"cart": 25, "product": 17, "rate": 10, "quantity": 1, "subtotal": 10}}, {"model": "ecomapp.cartproduct", "pk": 46, "fields": {"cart": 26, "product": 17, "rate": 10, "quantity": 1, "subtotal": 10}}, {"model": "ecomapp.cartproduct", "pk": 47, "fields": {"cart": 27, "product": 17, "rate": 10, "quantity": 1, "subtotal": 10}}, {"model": "ecomapp.cartproduct", "pk": 48, "fields": {"cart": 28, "product": 17, "rate": 10, "quantity": 1, "subtotal": 10}}, {"model": "ecomapp.cartproduct", "pk": 49, "fields": {"cart": 29, "product": 17, "rate": 10, "quantity": 1, "subtotal": 10}}, {"model": "ecomapp.cartproduct", "pk": 50, "fields": {"cart": 30, "product": 17, "rate": 10, "quantity": 1, "subtotal": 10}}, {"model": "ecomapp.cartproduct", "pk": 52, "fields": {"cart": 31, "product": 17, "rate": 10, "quantity": 1, "subtotal": 10}}, {"model": "ecomapp.cartproduct", "pk": 53, "fields": {"cart": 32, "product": 17, "rate": 10, "quantity": 1, "subtotal": 10}}, {"model": "ecomapp.cartproduct", "pk": 54, "fields": {"cart": 33, "product": 17, "rate": 10, "quantity": 1, "subtotal": 10}}, {"model": "ecomapp.cartproduct", "pk": 55, "fields": {"cart": 34, "product": 17, "rate": 10, "quantity": 1, "subtotal": 10}}, {"model": "ecomapp.cartproduct", "pk": 56, "fields": {"cart": 35, "product": 15, "rate": 450, "quantity": 1, "subtotal": 450}}, {"model": "ecomapp.cartproduct", "pk": 57, "fields": {"cart": 36, "product": 17, "rate": 10, "quantity": 1, "subtotal": 10}}, {"model": "ecomapp.cartproduct", "pk": 58, "fields": {"cart": 37, "product": 17, "rate": 10, "quantity": 1, "subtotal": 10}}, {"model": "ecomapp.cartproduct", "pk": 59, "fields": {"cart": 38, "product": 17, "rate": 10, "quantity": 1, "subtotal": 10}}, {"model": "ecomapp.cartproduct", "pk": 60, "fields": {"cart": 39, "product": 17, "rate": 10, "quantity": 1, "subtotal": 10}}, {"model": "ecomapp.cartproduct", "pk": 61, "fields": {"cart": 40, "product": 17, "rate": 10, "quantity": 1, "subtotal": 10}}, {"model": "ecomapp.cartproduct", "pk": 62, "fields": {"cart": 41, "product": 17, "rate": 10, "quantity": 1, "subtotal": 10}}, {"model": "ecomapp.cartproduct", "pk": 63, "fields": {"cart": 42, "product": 17, "rate": 10, "quantity": 1, "subtotal": 10}}, {"model": "ecomapp.cartproduct", "pk": 64, "fields": {"cart": 43, "product": 15, "rate": 450, "quantity": 1, "subtotal": 450}}, {"model": "ecomapp.cartproduct", "pk": 65, "fields": {"cart": 44, "product": 16, "rate": 1350, "quantity": 1, "subtotal": 1350}}, {"model": "ecomapp.cartproduct", "pk": 66, "fields": {"cart": 45, "product": 4, "rate": 42000, "quantity": 1, "subtotal": 42000}}, {"model": "ecomapp.cartproduct", "pk": 67, "fields": {"cart": 46, "product": 18, "rate": 300, "quantity": 3, "subtotal": 900}}, {"model": "ecomapp.cartproduct", "pk": 69, "fields": {"cart": 47, "product": 15, "rate": 450, "quantity": 1, "subtotal": 450}}, {"model": "ecomapp.cartproduct", "pk": 70, "fields": {"cart": 47, "product": 2, "rate": 18000, "quantity": 1, "subtotal": 18000}}, {"model": "ecomapp.cartproduct", "pk": 71, "fields": {"cart": 48, "product": 2, "rate": 18000, "quantity": 1, "subtotal": 18000}}, {"model": "ecomapp.cartproduct", "pk": 73, "fields": {"cart": 49, "product": 18, "rate": 300, "quantity": 1, "subtotal": 300}}, {"model": "ecomapp.cartproduct", "pk": 74, "fields": {"cart": 50, "product": 1, "rate": 12500, "quantity": 1, "subtotal": 12500}}, {"model": "ecomapp.cartproduct", "pk": 75, "fields": {"cart": 51, "product": 1, "rate": 12500, "quantity": 1, "subtotal": 12500}}, {"model": "ecomapp.cartproduct", "pk": 76, "fields": {"cart": 51, "product": 2, "rate": 18000, "quantity": 1, "subtotal": 18000}}, {"model": "ecomapp.cartproduct", "pk": 77, "fields": {"cart": 52, "product": 19, "rate": 200, "quantity": 1, "subtotal": 200}}, {"model": "ecomapp.cartproduct", "pk": 78, "fields": {"cart": 53, "product": 19, "rate": 200, "quantity": 1, "subtotal": 200}}, {"model": "ecomapp.cartproduct", "pk": 84, "fields": {"cart": 54, "product": 19, "rate": 200, "quantity": 1, "subtotal": 200}}, {"model": "ecomapp.cartproduct", "pk": 85, "fields": {"cart": 55, "product": 19, "rate": 200, "quantity": 1, "subtotal": 200}}, {"model": "ecomapp.cartproduct", "pk": 87, "fields": {"cart": 57, "product": 2, "rate": 18000, "quantity": 1, "subtotal": 18000}}, {"model": "ecomapp.cartproduct", "pk": 88, "fields": {"cart": 58, "product": 19, "rate": 200, "quantity": 1, "subtotal": 200}}, {"model": "ecomapp.cartproduct", "pk": 89, "fields": {"cart": 59, "product": 19, "rate": 200, "quantity": 2, "subtotal": 400}}, {"model": "ecomapp.cartproduct", "pk": 90, "fields": {"cart": 59, "product": 18, "rate": 300, "quantity": 2, "subtotal": 600}}, {"model": "ecomapp.cartproduct", "pk": 91, "fields": {"cart": 60, "product": 1, "rate": 12500, "quantity": 1, "subtotal": 12500}}, {"model": "ecomapp.cartproduct", "pk": 92, "fields": {"cart": 60, "product": 19, "rate": 200, "quantity": 1, "subtotal": 200}}, {"model": "ecomapp.cartproduct", "pk": 93, "fields": {"cart": 60, "product": 18, "rate": 300, "quantity": 1, "subtotal": 300}}, {"model": "ecomapp.cartproduct", "pk": 94, "fields": {"cart": 61, "product": 19, "rate": 200, "quantity": 1, "subtotal": 200}}, {"model": "ecomapp.cartproduct", "pk": 95, "fields": {"cart": 62, "product": 10, "rate": 32000, "quantity": 1, "subtotal": 32000}}, {"model": "ecomapp.cartproduct", "pk": 96, "fields": {"cart": 63, "product": 19, "rate": 200, "quantity": 1, "subtotal": 200}}, {"model": "ecomapp.cartproduct", "pk": 97, "fields": {"cart": 63, "product": 14, "rate": 63000, "quantity": 1, "subtotal": 63000}}, {"model": "ecomapp.cartproduct", "pk": 98, "fields": {"cart": 63, "product": 17, "rate": 10, "quantity": 1, "subtotal": 10}}, {"model": "ecomapp.cartproduct", "pk": 99, "fields": {"cart": 64, "product": 19, "rate": 200, "quantity": 1, "subtotal": 200}}, {"model": "ecomapp.cartproduct", "pk": 100, "fields": {"cart": 64, "product": 3, "rate": 45000, "quantity": 1, "subtotal": 45000}}, {"model": "ecomapp.cartproduct", "pk": 104, "fields": {"cart": 66, "product": 1, "rate": 12500, "quantity": 1, "subtotal": 12500}}, {"model": "ecomapp.cartproduct", "pk": 107, "fields": {"cart": 66, "product": 16, "rate": 1350, "quantity": 3, "subtotal": 4050}}, {"model": "ecomapp.cartproduct", "pk": 108, "fields": {"cart": 66, "product": 13, "rate": 5000, "quantity": 1, "subtotal": 5000}}, {"model": "ecomapp.cartproduct", "pk": 109, "fields": {"cart": 67, "product": 3, "rate": 45000, "quantity": 1, "subtotal": 45000}}, {"model": "ecomapp.cartproduct", "pk": 110, "fields": {"cart": 68, "product": 19, "rate": 200, "quantity": 1, "subtotal": 200}}, {"model": "ecomapp.cartproduct", "pk": 111, "fields": {"cart": 68, "product": 3, "rate": 45000, "quantity": 1, "subtotal": 45000}}, {"model": "ecomapp.cartproduct", "pk": 112, "fields": {"cart": 69, "product": 18, "rate": 300, "quantity": 1, "subtotal": 300}}, {"model": "ecomapp.cartproduct", "pk": 113, "fields": {"cart": 69, "product": 19, "rate": 200, "quantity": 1, "subtotal": 200}}, {"model": "ecomapp.order", "pk": 7, "fields": {"cart": 13, "ordered_by": "new customer", "shipping_address": "Newroad, kathmandu, Nepal", "mobile": "9898989898", "email": "newcustomer@gmail.com", "subtotal": 57500, "discount": 0, "total": 57500, "order_status": "Order Processing", "created_at": "2020-09-03T04:00:25.240Z", "payment_method": "Cash On Delivery", "payment_completed": false}}, {"model": "ecomapp.order", "pk": 8, "fields": {"cart": 14, "ordered_by": "Dipak Niroula", "shipping_address": "Satdobato, Lalitpur", "mobile": "9849978896", "email": "sangit.niroula@gmail.com", "subtotal": 42000, "discount": 0, "total": 42000, "order_status": "Order Completed", "created_at": "2020-09-03T06:35:24.567Z", "payment_method": "Cash On Delivery", "payment_completed": false}}, {"model": "ecomapp.order", "pk": 9, "fields": {"cart": 15, "ordered_by": "Test customer", "shipping_address": "Satdobato, Lalitpur", "mobile": "9849978896", "email": "sangit.niroula@gmail.com", "subtotal": 58000, "discount": 0, "total": 58000, "order_status": "On the way", "created_at": "2020-09-03T06:36:41.179Z", "payment_method": "Cash On Delivery", "payment_completed": false}}, {"model": "ecomapp.order", "pk": 10, "fields": {"cart": 16, "ordered_by": "Dipak Niroula", "shipping_address": "Satdobato, Lalitpur", "mobile": "9849978896", "email": "sangit.niroula@gmail.com", "subtotal": 58000, "discount": 0, "total": 58000, "order_status": "On the way", "created_at": "2020-09-11T15:01:54.297Z", "payment_method": "Cash On Delivery", "payment_completed": false}}, {"model": "ecomapp.order", "pk": 11, "fields": {"cart": 21, "ordered_by": "Dipak Niroula", "shipping_address": "Satdobato, Lalitpur", "mobile": "9849978896", "email": "sangit.niroula@gmail.com", "subtotal": 450, "discount": 0, "total": 450, "order_status": "Order Received", "created_at": "2020-09-15T14:12:43.011Z", "payment_method": "Cash On Delivery", "payment_completed": false}}, {"model": "ecomapp.order", "pk": 12, "fields": {"cart": 22, "ordered_by": "Dipak Niroula", "shipping_address": "Satdobato, Lalitpur", "mobile": "9849978896", "email": "sangit.niroula@gmail.com", "subtotal": 10, "discount": 0, "total": 10, "order_status": "Order Received", "created_at": "2020-09-15T14:28:03.508Z", "payment_method": "Cash On Delivery", "payment_completed": false}}, {"model": "ecomapp.order", "pk": 13, "fields": {"cart": 23, "ordered_by": "Dipak Niroula", "shipping_address": "Satdobato, Lalitpur", "mobile": "9849978896", "email": "sangit.niroula@gmail.com", "subtotal": 10, "discount": 0, "total": 10, "order_status": "Order Received", "created_at": "2020-09-15T14:38:16.221Z", "payment_method": "Cash On Delivery", "payment_completed": false}}, {"model": "ecomapp.order", "pk": 14, "fields": {"cart": 24, "ordered_by": "Dipak Niroula", "shipping_address": "Satdobato, Lalitpur", "mobile": "9849978896", "email": "sangit.niroula@gmail.com", "subtotal": 10, "discount": 0, "total": 10, "order_status": "Order Received", "created_at": "2020-09-15T14:41:48.774Z", "payment_method": "Cash On Delivery", "payment_completed": false}}, {"model": "ecomapp.order", "pk": 15, "fields": {"cart": 25, "ordered_by": "Dipak Niroula", "shipping_address": "Satdobato, Lalitpur", "mobile": "9849978896", "email": "sangit.niroula@gmail.com", "subtotal": 10, "discount": 0, "total": 10, "order_status": "Order Received", "created_at": "2020-09-15T15:09:09.693Z", "payment_method": "Khalti", "payment_completed": false}}, {"model": "ecomapp.order", "pk": 16, "fields": {"cart": 26, "ordered_by": "Dipak Niroula", "shipping_address": "Satdobato, Lalitpur", "mobile": "9849978896", "email": "sangit.niroula@gmail.com", "subtotal": 10, "discount": 0, "total": 10, "order_status": "Order Received", "created_at": "2020-09-15T15:10:39.894Z", "payment_method": "Khalti", "payment_completed": false}}, {"model": "ecomapp.order", "pk": 17, "fields": {"cart": 27, "ordered_by": "Dipak Niroula", "shipping_address": "Satdobato, Lalitpur", "mobile": "9849978896", "email": "sangit.niroula@gmail.com", "subtotal": 10, "discount": 0, "total": 10, "order_status": "Order Received", "created_at": "2020-09-15T15:13:35.693Z", "payment_method": "Khalti", "payment_completed": false}}, {"model": "ecomapp.order", "pk": 18, "fields": {"cart": 28, "ordered_by": "Dipak Niroula", "shipping_address": "Satdobato, Lalitpur", "mobile": "9849978896", "email": "sangit.niroula@gmail.com", "subtotal": 10, "discount": 0, "total": 10, "order_status": "Order Received", "created_at": "2020-09-15T15:29:06.840Z", "payment_method": "Khalti", "payment_completed": false}}, {"model": "ecomapp.order", "pk": 19, "fields": {"cart": 29, "ordered_by": "Dipak Niroula", "shipping_address": "Satdobato, Lalitpur", "mobile": "9849978896", "email": "sangit.niroula@gmail.com", "subtotal": 10, "discount": 0, "total": 10, "order_status": "Order Received", "created_at": "2020-09-15T15:36:02.320Z", "payment_method": "Khalti", "payment_completed": true}}, {"model": "ecomapp.order", "pk": 20, "fields": {"cart": 30, "ordered_by": "Sangit Niroula", "shipping_address": "Satdobato, Lalitpur", "mobile": "9849978896", "email": "sangit.niroula@gmail.com", "subtotal": 10, "discount": 0, "total": 10, "order_status": "Order Received", "created_at": "2020-09-15T15:39:50.108Z", "payment_method": "Khalti", "payment_completed": true}}, {"model": "ecomapp.order", "pk": 21, "fields": {"cart": 31, "ordered_by": "Sangit Niroula", "shipping_address": "Satdobato, Lalitpur", "mobile": "9849978896", "email": "sangit.niroula@gmail.com", "subtotal": 10, "discount": 0, "total": 10, "order_status": "Order Received", "created_at": "2020-09-17T13:08:18.789Z", "payment_method": "Esewa", "payment_completed": false}}, {"model": "ecomapp.order", "pk": 22, "fields": {"cart": 32, "ordered_by": "Dipak Niroula", "shipping_address": "Satdobato, Lalitpur", "mobile": "9849978896", "email": "sangit.niroula@gmail.com", "subtotal": 10, "discount": 0, "total": 10, "order_status": "Order Received", "created_at": "2020-09-17T13:54:50.171Z", "payment_method": "Esewa", "payment_completed": false}}, {"model": "ecomapp.order", "pk": 23, "fields": {"cart": 33, "ordered_by": "Sangit Niroula", "shipping_address": "Satdobato, Lalitpur", "mobile": "9849978896", "email": "sangit.niroula@gmail.com", "subtotal": 10, "discount": 0, "total": 10, "order_status": "Order Received", "created_at": "2020-09-17T13:58:49.128Z", "payment_method": "Esewa", "payment_completed": false}}, {"model": "ecomapp.order", "pk": 24, "fields": {"cart": 34, "ordered_by": "Sangit Niroula", "shipping_address": "Satdobato, Lalitpur", "mobile": "9849978896", "email": "sangit.niroula@gmail.com", "subtotal": 10, "discount": 0, "total": 10, "order_status": "Order Received", "created_at": "2020-09-17T14:02:20.739Z", "payment_method": "Esewa", "payment_completed": false}}, {"model": "ecomapp.order", "pk": 25, "fields": {"cart": 35, "ordered_by": "Dipak Niroula", "shipping_address": "Satdobato, Lalitpur", "mobile": "9849978896", "email": "sangit.niroula@gmail.com", "subtotal": 450, "discount": 0, "total": 450, "order_status": "Order Received", "created_at": "2020-09-17T14:05:22.317Z", "payment_method": "Esewa", "payment_completed": false}}, {"model": "ecomapp.order", "pk": 27, "fields": {"cart": 37, "ordered_by": "Dipak Niroula", "shipping_address": "Satdobato, Lalitpur", "mobile": "9849978896", "email": "sangit.niroula@gmail.com", "subtotal": 10, "discount": 0, "total": 10, "order_status": "Order Received", "created_at": "2020-09-17T14:09:04.199Z", "payment_method": "Esewa", "payment_completed": false}}, {"model": "ecomapp.order", "pk": 28, "fields": {"cart": 38, "ordered_by": "Dipak Niroula", "shipping_address": "Satdobato, Lalitpur", "mobile": "9849978896", "email": "sangit.niroula@gmail.com", "subtotal": 10, "discount": 0, "total": 10, "order_status": "Order Received", "created_at": "2020-09-17T14:09:48.258Z", "payment_method": "Esewa", "payment_completed": false}}, {"model": "ecomapp.order", "pk": 29, "fields": {"cart": 39, "ordered_by": "Test customer", "shipping_address": "Satdobato, Lalitpur", "mobile": "9849978896", "email": "sangit.niroula@gmail.com", "subtotal": 10, "discount": 0, "total": 10, "order_status": "Order Received", "created_at": "2020-09-17T14:13:06.394Z", "payment_method": "Esewa", "payment_completed": false}}, {"model": "ecomapp.order", "pk": 30, "fields": {"cart": 40, "ordered_by": "Dipak Niroula", "shipping_address": "Satdobato, Lalitpur", "mobile": "9849978896", "email": "sangit.niroula@gmail.com", "subtotal": 10, "discount": 0, "total": 10, "order_status": "Order Received", "created_at": "2020-09-17T14:16:39.194Z", "payment_method": "Esewa", "payment_completed": true}}, {"model": "ecomapp.order", "pk": 31, "fields": {"cart": 41, "ordered_by": "Dipak Niroula", "shipping_address": "Satdobato, Lalitpur", "mobile": "9849978896", "email": "sangit.niroula@gmail.com", "subtotal": 10, "discount": 0, "total": 10, "order_status": "Order Received", "created_at": "2020-09-17T14:17:35.753Z", "payment_method": "Esewa", "payment_completed": false}}, {"model": "ecomapp.order", "pk": 32, "fields": {"cart": 42, "ordered_by": "Sangit Niroula", "shipping_address": "Satdobato, Lalitpur", "mobile": "9849978896", "email": "sangit.niroula@gmail.com", "subtotal": 10, "discount": 0, "total": 10, "order_status": "Order Received", "created_at": "2020-09-17T14:19:59.925Z", "payment_method": "Esewa", "payment_completed": true}}, {"model": "ecomapp.order", "pk": 33, "fields": {"cart": 43, "ordered_by": "Dipak Niroula", "shipping_address": "Satdobato, Lalitpur", "mobile": "9849978896", "email": "sangit.niroula@gmail.com", "subtotal": 450, "discount": 0, "total": 450, "order_status": "Order Received", "created_at": "2020-09-17T14:20:57.913Z", "payment_method": "Esewa", "payment_completed": true}}, {"model": "ecomapp.order", "pk": 34, "fields": {"cart": 44, "ordered_by": "Dipak Niroula", "shipping_address": "Satdobato, Lalitpur", "mobile": "9849978896", "email": "sangit.niroula@gmail.com", "subtotal": 1350, "discount": 0, "total": 1350, "order_status": "Order Received", "created_at": "2020-09-23T15:25:49.049Z", "payment_method": "Khalti", "payment_completed": false}}, {"model": "ecomapp.order", "pk": 35, "fields": {"cart": 45, "ordered_by": "Kwasi Junior Nyarko Addo", "shipping_address": "Tema, GB-048-3568", "mobile": "0202069074", "email": null, "subtotal": 42000, "discount": 0, "total": 42000, "order_status": "Order Received", "created_at": "2021-05-17T18:42:20.446Z", "payment_method": "Khalti", "payment_completed": false}}, {"model": "ecomapp.order", "pk": 36, "fields": {"cart": 47, "ordered_by": "Kwasi Junior Nyarko Addo", "shipping_address": "Tema, GB-048-3568", "mobile": "0202069074", "email": "kanj@gmail.com", "subtotal": 18450, "discount": 0, "total": 18450, "order_status": "Order Processing", "created_at": "2021-05-18T16:10:58.364Z", "payment_method": "Cash On Delivery", "payment_completed": false}}, {"model": "ecomapp.order", "pk": 37, "fields": {"cart": 49, "ordered_by": "Ayeb", "shipping_address": "Z4/285/A, GB-048-3568", "mobile": "0557006410", "email": "ataddo_nyarko@st.ug.edu.gh", "subtotal": 300, "discount": 0, "total": 300, "order_status": "Order Received", "created_at": "2021-05-18T16:14:48.696Z", "payment_method": "Cash On Delivery", "payment_completed": false}}, {"model": "ecomapp.order", "pk": 38, "fields": {"cart": 54, "ordered_by": "Kwasi Junior Nyarko Addo", "shipping_address": "Tema, GB-048-3568", "mobile": "0557006410", "email": "ataddo_nyarko@st.ug.edu.gh", "subtotal": 200, "discount": 0, "total": 200, "order_status": "Order Received", "created_at": "2021-05-18T18:21:22.480Z", "payment_method": "Cash On Delivery", "payment_completed": false}}, {"model": "ecomapp.order", "pk": 39, "fields": {"cart": 55, "ordered_by": "Kwasi Junior Nyarko Addo", "shipping_address": "Tema, GB-048-3568", "mobile": "0557006410", "email": "ataddo_nyarko@st.ug.edu.gh", "subtotal": 200, "discount": 0, "total": 200, "order_status": "Order Received", "created_at": "2021-05-18T18:23:14.310Z", "payment_method": "Cash On Delivery", "payment_completed": false}}, {"model": "ecomapp.order", "pk": 40, "fields": {"cart": 57, "ordered_by": "Kwasi Junior Nyarko Addo", "shipping_address": "Tema, GB-048-3568", "mobile": "0557006410", "email": "ataddo_nyarko@st.ug.edu.gh", "subtotal": 18000, "discount": 0, "total": 18000, "order_status": "Order Received", "created_at": "2021-05-18T18:58:26.515Z", "payment_method": "Cash On Delivery", "payment_completed": false}}, {"model": "ecomapp.order", "pk": 41, "fields": {"cart": 58, "ordered_by": "Kwasi Junior Nyarko Addo", "shipping_address": "Tema, GB-048-3568", "mobile": "0557006410", "email": "ataddo_nyarko@st.ug.edu.gh", "subtotal": 200, "discount": 0, "total": 200, "order_status": "Order Received", "created_at": "2021-05-18T19:02:07.619Z", "payment_method": "Cash On Delivery", "payment_completed": false}}, {"model": "ecomapp.order", "pk": 42, "fields": {"cart": 60, "ordered_by": "Kwasi Junior Nyarko Addo", "shipping_address": "Z4/285/A", "mobile": "0557006410", "email": "ataddo_nyarko@st.ug.edu.gh", "subtotal": 13000, "discount": 0, "total": 13000, "order_status": "Order Received", "created_at": "2021-05-18T21:56:57.044Z", "payment_method": "Cash On Delivery", "payment_completed": false}}, {"model": "auth.permission", "pk": 1, "fields": {"name": "Can add log entry", "content_type": 1, "codename": "add_logentry"}}, {"model": "auth.permission", "pk": 2, "fields": {"name": "Can change log entry", "content_type": 1, "codename": "change_logentry"}}, {"model": "auth.permission", "pk": 3, "fields": {"name": "Can delete log entry", "content_type": 1, "codename": "delete_logentry"}}, {"model": "auth.permission", "pk": 4, "fields": {"name": "Can view log entry", "content_type": 1, "codename": "view_logentry"}}, {"model": "auth.permission", "pk": 5, "fields": {"name": "Can add permission", "content_type": 2, "codename": "add_permission"}}, {"model": "auth.permission", "pk": 6, "fields": {"name": "Can change permission", "content_type": 2, "codename": "change_permission"}}, {"model": "auth.permission", "pk": 7, "fields": {"name": "Can delete permission", "content_type": 2, "codename": "delete_permission"}}, {"model": "auth.permission", "pk": 8, "fields": {"name": "Can view permission", "content_type": 2, "codename": "view_permission"}}, {"model": "auth.permission", "pk": 9, "fields": {"name": "Can add group", "content_type": 3, "codename": "add_group"}}, {"model": "auth.permission", "pk": 10, "fields": {"name": "Can change group", "content_type": 3, "codename": "change_group"}}, {"model": "auth.permission", "pk": 11, "fields": {"name": "Can delete group", "content_type": 3, "codename": "delete_group"}}, {"model": "auth.permission", "pk": 12, "fields": {"name": "Can view group", "content_type": 3, "codename": "view_group"}}, {"model": "auth.permission", "pk": 13, "fields": {"name": "Can add user", "content_type": 4, "codename": "add_user"}}, {"model": "auth.permission", "pk": 14, "fields": {"name": "Can change user", "content_type": 4, "codename": "change_user"}}, {"model": "auth.permission", "pk": 15, "fields": {"name": "Can delete user", "content_type": 4, "codename": "delete_user"}}, {"model": "auth.permission", "pk": 16, "fields": {"name": "Can view user", "content_type": 4, "codename": "view_user"}}, {"model": "auth.permission", "pk": 17, "fields": {"name": "Can add content type", "content_type": 5, "codename": "add_contenttype"}}, {"model": "auth.permission", "pk": 18, "fields": {"name": "Can change content type", "content_type": 5, "codename": "change_contenttype"}}, {"model": "auth.permission", "pk": 19, "fields": {"name": "Can delete content type", "content_type": 5, "codename": "delete_contenttype"}}, {"model": "auth.permission", "pk": 20, "fields": {"name": "Can view content type", "content_type": 5, "codename": "view_contenttype"}}, {"model": "auth.permission", "pk": 21, "fields": {"name": "Can add session", "content_type": 6, "codename": "add_session"}}, {"model": "auth.permission", "pk": 22, "fields": {"name": "Can change session", "content_type": 6, "codename": "change_session"}}, {"model": "auth.permission", "pk": 23, "fields": {"name": "Can delete session", "content_type": 6, "codename": "delete_session"}}, {"model": "auth.permission", "pk": 24, "fields": {"name": "Can view session", "content_type": 6, "codename": "view_session"}}, {"model": "auth.permission", "pk": 25, "fields": {"name": "Can add order", "content_type": 7, "codename": "add_order"}}, {"model": "auth.permission", "pk": 26, "fields": {"name": "Can change order", "content_type": 7, "codename": "change_order"}}, {"model": "auth.permission", "pk": 27, "fields": {"name": "Can delete order", "content_type": 7, "codename": "delete_order"}}, {"model": "auth.permission", "pk": 28, "fields": {"name": "Can view order", "content_type": 7, "codename": "view_order"}}, {"model": "auth.permission", "pk": 29, "fields": {"name": "Can add category", "content_type": 8, "codename": "add_category"}}, {"model": "auth.permission", "pk": 30, "fields": {"name": "Can change category", "content_type": 8, "codename": "change_category"}}, {"model": "auth.permission", "pk": 31, "fields": {"name": "Can delete category", "content_type": 8, "codename": "delete_category"}}, {"model": "auth.permission", "pk": 32, "fields": {"name": "Can view category", "content_type": 8, "codename": "view_category"}}, {"model": "auth.permission", "pk": 33, "fields": {"name": "Can add cart product", "content_type": 9, "codename": "add_cartproduct"}}, {"model": "auth.permission", "pk": 34, "fields": {"name": "Can change cart product", "content_type": 9, "codename": "change_cartproduct"}}, {"model": "auth.permission", "pk": 35, "fields": {"name": "Can delete cart product", "content_type": 9, "codename": "delete_cartproduct"}}, {"model": "auth.permission", "pk": 36, "fields": {"name": "Can view cart product", "content_type": 9, "codename": "view_cartproduct"}}, {"model": "auth.permission", "pk": 37, "fields": {"name": "Can add customer", "content_type": 10, "codename": "add_customer"}}, {"model": "auth.permission", "pk": 38, "fields": {"name": "Can change customer", "content_type": 10, "codename": "change_customer"}}, {"model": "auth.permission", "pk": 39, "fields": {"name": "Can delete customer", "content_type": 10, "codename": "delete_customer"}}, {"model": "auth.permission", "pk": 40, "fields": {"name": "Can view customer", "content_type": 10, "codename": "view_customer"}}, {"model": "auth.permission", "pk": 41, "fields": {"name": "Can add cart", "content_type": 11, "codename": "add_cart"}}, {"model": "auth.permission", "pk": 42, "fields": {"name": "Can change cart", "content_type": 11, "codename": "change_cart"}}, {"model": "auth.permission", "pk": 43, "fields": {"name": "Can delete cart", "content_type": 11, "codename": "delete_cart"}}, {"model": "auth.permission", "pk": 44, "fields": {"name": "Can view cart", "content_type": 11, "codename": "view_cart"}}, {"model": "auth.permission", "pk": 45, "fields": {"name": "Can add product", "content_type": 12, "codename": "add_product"}}, {"model": "auth.permission", "pk": 46, "fields": {"name": "Can change product", "content_type": 12, "codename": "change_product"}}, {"model": "auth.permission", "pk": 47, "fields": {"name": "Can delete product", "content_type": 12, "codename": "delete_product"}}, {"model": "auth.permission", "pk": 48, "fields": {"name": "Can view product", "content_type": 12, "codename": "view_product"}}, {"model": "auth.permission", "pk": 49, "fields": {"name": "Can add admin", "content_type": 13, "codename": "add_admin"}}, {"model": "auth.permission", "pk": 50, "fields": {"name": "Can change admin", "content_type": 13, "codename": "change_admin"}}, {"model": "auth.permission", "pk": 51, "fields": {"name": "Can delete admin", "content_type": 13, "codename": "delete_admin"}}, {"model": "auth.permission", "pk": 52, "fields": {"name": "Can view admin", "content_type": 13, "codename": "view_admin"}}, {"model": "auth.permission", "pk": 53, "fields": {"name": "Can add product image", "content_type": 14, "codename": "add_productimage"}}, {"model": "auth.permission", "pk": 54, "fields": {"name": "Can change product image", "content_type": 14, "codename": "change_productimage"}}, {"model": "auth.permission", "pk": 55, "fields": {"name": "Can delete product image", "content_type": 14, "codename": "delete_productimage"}}, {"model": "auth.permission", "pk": 56, "fields": {"name": "Can view product image", "content_type": 14, "codename": "view_productimage"}}, {"model": "auth.user", "pk": 1, "fields": {"password": "pbkdf2_sha256$216000$23QzSiqcV1zp$NjLaE27rD/nIkZeK2CYORTmWX5ccBimweI1YL3XLWMU=", "last_login": "2020-10-03T14:22:52.822Z", "is_superuser": true, "username": "admin", "first_name": "", "last_name": "", "email": "", "is_staff": true, "is_active": true, "date_joined": "2020-08-28T08:14:31.045Z", "groups": [], "user_permissions": []}}, {"model": "auth.user", "pk": 7, "fields": {"password": "pbkdf2_sha256$216000$VOXo0SlRih4X$pmmrNtzSIZlgS1X6HDesGdbHicadTFBmR3Rykd9L5Bw=", "last_login": "2020-09-23T15:37:10.676Z", "is_superuser": true, "username": "ecomadmin", "first_name": "", "last_name": "", "email": "", "is_staff": true, "is_active": true, "date_joined": "2020-09-03T15:19:05Z", "groups": [], "user_permissions": []}}, {"model": "auth.user", "pk": 9, "fields": {"password": "pbkdf2_sha256$180000$hFaAHumH9ozm$/9Uy/yKxhuQjgt6WF2vd3wy2CvE2YHY7inbZTbyydl4=", "last_login": "2021-05-19T11:44:27.180Z", "is_superuser": false, "username": "kwasiaddo@gmail.com", "first_name": "", "last_name": "", "email": "kjay@gmail.com", "is_staff": true, "is_active": true, "date_joined": "2021-05-17T18:41:51Z", "groups": [], "user_permissions": []}}, {"model": "auth.user", "pk": 10, "fields": {"password": "pbkdf2_sha256$216000$ZfuzbOMF7CBt$VuUllmRecbgcZrHWkDMaHCgp7xCFLE5EyE1qiBWFLAE=", "last_login": "2021-05-18T16:12:36.415Z", "is_superuser": false, "username": "AyeB", "first_name": "", "last_name": "", "email": "ayeb@gmail.com", "is_staff": false, "is_active": true, "date_joined": "2021-05-18T16:12:35.161Z", "groups": [], "user_permissions": []}}, {"model": "auth.user", "pk": 11, "fields": {"password": "pbkdf2_sha256$180000$tH8GDbNwy2dS$Pqekg8uFW2SHAA2YhFUBMliqSBKPkH+F8r6n0fEXkkY=", "last_login": "2021-05-18T22:07:18.422Z", "is_superuser": true, "username": "kanjay", "first_name": "", "last_name": "", "email": "kanjay@gmail.com", "is_staff": true, "is_active": true, "date_joined": "2021-05-18T17:51:50.576Z", "groups": [], "user_permissions": []}}, {"model": "auth.user", "pk": 12, "fields": {"password": "pbkdf2_sha256$180000$Zc0smQMMezFs$gRJFxffyWwDHue5C09A8FNZ3djbJQb68eKxryJI4UWs=", "last_login": "2021-05-19T10:23:51.190Z", "is_superuser": false, "username": "Theo", "first_name": "", "last_name": "", "email": "ataddo_nyarko@st.ug.edu.gh", "is_staff": false, "is_active": true, "date_joined": "2021-05-19T10:23:49.847Z", "groups": [], "user_permissions": []}}, {"model": "ecomapp.admin", "pk": 1, "fields": {"user": 11, "full_name": "Kwasi Addo", "image": "admins/download.jpeg", "mobile": "0202069074"}}, {"model": "ecomapp.customer", "pk": 7, "fields": {"user": 9, "full_name": "Kwasi Addo", "address": "Z4/285/A, GB-048-3568", "joined_on": "2021-05-17T18:41:52.018Z"}}, {"model": "ecomapp.customer", "pk": 8, "fields": {"user": 10, "full_name": "Ofori Hanson", "address": "Tema, GB-048-3568", "joined_on": "2021-05-18T16:12:36.776Z"}}, {"model": "ecomapp.customer", "pk": 9, "fields": {"user": 12, "full_name": "Theo", "address": "Z4/285/A, GB-048-3568", "joined_on": "2021-05-19T10:23:51.365Z"}}, {"model": "admin.logentry", "pk": 1, "fields": {"action_time": "2020-08-28T10:49:14.039Z", "user": 1, "content_type": 8, "object_id": "1", "object_repr": "Electronics Items", "action_flag": 1, "change_message": "[{\"added\": {}}]"}}, {"model": "admin.logentry", "pk": 2, "fields": {"action_time": "2020-08-28T10:49:28.662Z", "user": 1, "content_type": 8, "object_id": "2", "object_repr": "Clothings and Fashion", "action_flag": 1, "change_message": "[{\"added\": {}}]"}}, {"model": "admin.logentry", "pk": 3, "fields": {"action_time": "2020-08-28T10:51:04.002Z", "user": 1, "content_type": 12, "object_id": "1", "object_repr": "Rolex Watch", "action_flag": 1, "change_message": "[{\"added\": {}}]"}}, {"model": "admin.logentry", "pk": 4, "fields": {"action_time": "2020-08-28T10:52:14.630Z", "user": 1, "content_type": 12, "object_id": "2", "object_repr": "Dell Led Monitor", "action_flag": 1, "change_message": "[{\"added\": {}}]"}}, {"model": "admin.logentry", "pk": 5, "fields": {"action_time": "2020-08-28T10:53:02.728Z", "user": 1, "content_type": 12, "object_id": "3", "object_repr": "Iphone X Pro", "action_flag": 1, "change_message": "[{\"added\": {}}]"}}, {"model": "admin.logentry", "pk": 6, "fields": {"action_time": "2020-08-28T10:53:43.218Z", "user": 1, "content_type": 12, "object_id": "4", "object_repr": "Samsung Television", "action_flag": 1, "change_message": "[{\"added\": {}}]"}}, {"model": "admin.logentry", "pk": 7, "fields": {"action_time": "2020-08-28T10:54:50.637Z", "user": 1, "content_type": 12, "object_id": "5", "object_repr": "Mens Blazers", "action_flag": 1, "change_message": "[{\"added\": {}}]"}}, {"model": "admin.logentry", "pk": 8, "fields": {"action_time": "2020-08-28T10:55:42.685Z", "user": 1, "content_type": 12, "object_id": "6", "object_repr": "Womens Blazer", "action_flag": 1, "change_message": "[{\"added\": {}}]"}}, {"model": "admin.logentry", "pk": 9, "fields": {"action_time": "2020-08-28T10:56:29.973Z", "user": 1, "content_type": 12, "object_id": "7", "object_repr": "HP laptop", "action_flag": 1, "change_message": "[{\"added\": {}}]"}}, {"model": "admin.logentry", "pk": 10, "fields": {"action_time": "2020-08-28T10:57:08.037Z", "user": 1, "content_type": 12, "object_id": "8", "object_repr": "Saree", "action_flag": 1, "change_message": "[{\"added\": {}}]"}}, {"model": "admin.logentry", "pk": 11, "fields": {"action_time": "2020-08-28T11:26:25.710Z", "user": 1, "content_type": 12, "object_id": "9", "object_repr": "KN 95 Masks", "action_flag": 1, "change_message": "[{\"added\": {}}]"}}, {"model": "admin.logentry", "pk": 12, "fields": {"action_time": "2020-09-01T07:15:44.734Z", "user": 1, "content_type": 7, "object_id": "1", "object_repr": "Order: 1", "action_flag": 3, "change_message": ""}}, {"model": "admin.logentry", "pk": 13, "fields": {"action_time": "2020-09-02T06:53:02.279Z", "user": 1, "content_type": 10, "object_id": "1", "object_repr": "customer one", "action_flag": 3, "change_message": ""}}, {"model": "admin.logentry", "pk": 14, "fields": {"action_time": "2020-09-02T06:53:10.881Z", "user": 1, "content_type": 4, "object_id": "2", "object_repr": "customer1", "action_flag": 3, "change_message": ""}}, {"model": "admin.logentry", "pk": 15, "fields": {"action_time": "2020-09-03T03:55:30.045Z", "user": 1, "content_type": 11, "object_id": "11", "object_repr": "Cart: 11", "action_flag": 3, "change_message": ""}}, {"model": "admin.logentry", "pk": 16, "fields": {"action_time": "2020-09-03T03:55:30.126Z", "user": 1, "content_type": 11, "object_id": "10", "object_repr": "Cart: 10", "action_flag": 3, "change_message": ""}}, {"model": "admin.logentry", "pk": 17, "fields": {"action_time": "2020-09-03T03:55:30.226Z", "user": 1, "content_type": 11, "object_id": "9", "object_repr": "Cart: 9", "action_flag": 3, "change_message": ""}}, {"model": "admin.logentry", "pk": 18, "fields": {"action_time": "2020-09-03T03:55:30.325Z", "user": 1, "content_type": 11, "object_id": "8", "object_repr": "Cart: 8", "action_flag": 3, "change_message": ""}}, {"model": "admin.logentry", "pk": 19, "fields": {"action_time": "2020-09-03T03:55:30.403Z", "user": 1, "content_type": 11, "object_id": "7", "object_repr": "Cart: 7", "action_flag": 3, "change_message": ""}}, {"model": "admin.logentry", "pk": 20, "fields": {"action_time": "2020-09-03T03:55:30.503Z", "user": 1, "content_type": 11, "object_id": "6", "object_repr": "Cart: 6", "action_flag": 3, "change_message": ""}}, {"model": "admin.logentry", "pk": 21, "fields": {"action_time": "2020-09-03T03:55:30.602Z", "user": 1, "content_type": 11, "object_id": "5", "object_repr": "Cart: 5", "action_flag": 3, "change_message": ""}}, {"model": "admin.logentry", "pk": 22, "fields": {"action_time": "2020-09-03T03:55:30.679Z", "user": 1, "content_type": 11, "object_id": "4", "object_repr": "Cart: 4", "action_flag": 3, "change_message": ""}}, {"model": "admin.logentry", "pk": 23, "fields": {"action_time": "2020-09-03T03:55:30.768Z", "user": 1, "content_type": 11, "object_id": "3", "object_repr": "Cart: 3", "action_flag": 3, "change_message": ""}}, {"model": "admin.logentry", "pk": 24, "fields": {"action_time": "2020-09-03T03:55:30.845Z", "user": 1, "content_type": 11, "object_id": "1", "object_repr": "Cart: 1", "action_flag": 3, "change_message": ""}}, {"model": "admin.logentry", "pk": 25, "fields": {"action_time": "2020-09-03T15:19:05.452Z", "user": 1, "content_type": 4, "object_id": "7", "object_repr": "ecomadmin", "action_flag": 1, "change_message": "[{\"added\": {}}]"}}, {"model": "admin.logentry", "pk": 26, "fields": {"action_time": "2020-09-03T15:20:37.323Z", "user": 1, "content_type": 13, "object_id": "1", "object_repr": "ecomadmin", "action_flag": 1, "change_message": "[{\"added\": {}}]"}}, {"model": "admin.logentry", "pk": 27, "fields": {"action_time": "2020-09-04T06:00:14.762Z", "user": 1, "content_type": 4, "object_id": "7", "object_repr": "ecomadmin", "action_flag": 2, "change_message": "[{\"changed\": {\"fields\": [\"Staff status\", \"Superuser status\"]}}]"}}, {"model": "admin.logentry", "pk": 28, "fields": {"action_time": "2020-09-04T06:00:16.757Z", "user": 1, "content_type": 13, "object_id": "1", "object_repr": "ecomadmin", "action_flag": 2, "change_message": "[]"}}, {"model": "admin.logentry", "pk": 29, "fields": {"action_time": "2020-09-04T06:00:45.316Z", "user": 7, "content_type": 7, "object_id": "9", "object_repr": "Order: 9", "action_flag": 2, "change_message": "[{\"changed\": {\"fields\": [\"Order status\"]}}]"}}, {"model": "admin.logentry", "pk": 30, "fields": {"action_time": "2020-09-13T13:59:33.905Z", "user": 1, "content_type": 12, "object_id": "10", "object_repr": "Samsung Galaxy s7", "action_flag": 1, "change_message": "[{\"added\": {}}]"}}, {"model": "admin.logentry", "pk": 31, "fields": {"action_time": "2020-09-13T14:00:49.931Z", "user": 1, "content_type": 12, "object_id": "11", "object_repr": "Samsung Gear", "action_flag": 1, "change_message": "[{\"added\": {}}]"}}, {"model": "admin.logentry", "pk": 32, "fields": {"action_time": "2020-09-13T14:01:40.368Z", "user": 1, "content_type": 12, "object_id": "12", "object_repr": "Apple watch", "action_flag": 1, "change_message": "[{\"added\": {}}]"}}, {"model": "admin.logentry", "pk": 33, "fields": {"action_time": "2020-09-13T14:02:29.425Z", "user": 1, "content_type": 12, "object_id": "13", "object_repr": "Smart Watch", "action_flag": 1, "change_message": "[{\"added\": {}}]"}}, {"model": "admin.logentry", "pk": 34, "fields": {"action_time": "2020-09-13T14:02:36.982Z", "user": 1, "content_type": 12, "object_id": "13", "object_repr": "Smart Watch", "action_flag": 2, "change_message": "[{\"changed\": {\"fields\": [\"Warranty\", \"Return policy\"]}}]"}}, {"model": "admin.logentry", "pk": 35, "fields": {"action_time": "2020-09-13T14:04:03.810Z", "user": 1, "content_type": 12, "object_id": "14", "object_repr": "Apple Iphone x", "action_flag": 1, "change_message": "[{\"added\": {}}]"}}, {"model": "admin.logentry", "pk": 36, "fields": {"action_time": "2020-09-13T14:12:26.080Z", "user": 1, "content_type": 12, "object_id": "15", "object_repr": "I love Nepal Tshirt", "action_flag": 1, "change_message": "[{\"added\": {}}]"}}, {"model": "admin.logentry", "pk": 37, "fields": {"action_time": "2020-09-13T14:13:43.032Z", "user": 1, "content_type": 12, "object_id": "16", "object_repr": "Half Pant for Men", "action_flag": 1, "change_message": "[{\"added\": {}}]"}}, {"model": "admin.logentry", "pk": 38, "fields": {"action_time": "2020-09-13T14:14:55.670Z", "user": 1, "content_type": 12, "object_id": "17", "object_repr": "Saree for Girl", "action_flag": 1, "change_message": "[{\"added\": {}}]"}}, {"model": "admin.logentry", "pk": 39, "fields": {"action_time": "2020-09-15T14:27:31.417Z", "user": 1, "content_type": 12, "object_id": "17", "object_repr": "Saree for Girl", "action_flag": 2, "change_message": "[{\"changed\": {\"fields\": [\"Marked price\", \"Selling price\"]}}]"}}, {"model": "admin.logentry", "pk": 40, "fields": {"action_time": "2020-09-23T15:29:45.554Z", "user": 1, "content_type": 14, "object_id": "1", "object_repr": "Rolex Watch", "action_flag": 1, "change_message": "[{\"added\": {}}]"}}, {"model": "admin.logentry", "pk": 41, "fields": {"action_time": "2020-09-23T15:29:57.490Z", "user": 1, "content_type": 14, "object_id": "2", "object_repr": "Rolex Watch", "action_flag": 1, "change_message": "[{\"added\": {}}]"}}, {"model": "admin.logentry", "pk": 42, "fields": {"action_time": "2020-09-23T15:30:57.639Z", "user": 1, "content_type": 14, "object_id": "3", "object_repr": "HP laptop", "action_flag": 1, "change_message": "[{\"added\": {}}]"}}, {"model": "admin.logentry", "pk": 43, "fields": {"action_time": "2020-09-23T15:31:13.435Z", "user": 1, "content_type": 14, "object_id": "4", "object_repr": "HP laptop", "action_flag": 1, "change_message": "[{\"added\": {}}]"}}, {"model": "admin.logentry", "pk": 44, "fields": {"action_time": "2020-10-03T14:23:24.563Z", "user": 1, "content_type": 4, "object_id": "6", "object_repr": "newcustomer", "action_flag": 2, "change_message": "[{\"changed\": {\"fields\": [\"Email address\", \"Last login\"]}}]"}}, {"model": "admin.logentry", "pk": 45, "fields": {"action_time": "2020-10-03T14:23:26.275Z", "user": 1, "content_type": 10, "object_id": "5", "object_repr": "New Customer", "action_flag": 2, "change_message": "[]"}}, {"model": "admin.logentry", "pk": 46, "fields": {"action_time": "2021-05-18T17:54:10.588Z", "user": 11, "content_type": 4, "object_id": "3", "object_repr": "customer1", "action_flag": 3, "change_message": ""}}, {"model": "admin.logentry", "pk": 47, "fields": {"action_time": "2021-05-18T17:54:25.289Z", "user": 11, "content_type": 4, "object_id": "8", "object_repr": "dipakniroula", "action_flag": 3, "change_message": ""}}, {"model": "admin.logentry", "pk": 48, "fields": {"action_time": "2021-05-18T17:54:38.009Z", "user": 11, "content_type": 4, "object_id": "5", "object_repr": "dipak", "action_flag": 3, "change_message": ""}}, {"model": "admin.logentry", "pk": 49, "fields": {"action_time": "2021-05-18T17:54:51.266Z", "user": 11, "content_type": 4, "object_id": "4", "object_repr": "ecedreamer", "action_flag": 3, "change_message": ""}}, {"model": "admin.logentry", "pk": 50, "fields": {"action_time": "2021-05-18T17:55:07.187Z", "user": 11, "content_type": 4, "object_id": "6", "object_repr": "newcustomer", "action_flag": 3, "change_message": ""}}, {"model": "admin.logentry", "pk": 51, "fields": {"action_time": "2021-05-18T17:55:49.265Z", "user": 11, "content_type": 4, "object_id": "9", "object_repr": "kwasiaddo@gmail.com", "action_flag": 2, "change_message": "[{\"changed\": {\"fields\": [\"Staff status\"]}}]"}}, {"model": "admin.logentry", "pk": 52, "fields": {"action_time": "2021-05-18T18:09:32.867Z", "user": 11, "content_type": 13, "object_id": "1", "object_repr": "kanjay", "action_flag": 2, "change_message": "[{\"changed\": {\"fields\": [\"User\", \"Full name\", \"Mobile\"]}}]"}}, {"model": "admin.logentry", "pk": 53, "fields": {"action_time": "2021-05-18T18:45:36.483Z", "user": 11, "content_type": 7, "object_id": "26", "object_repr": "Order: 26", "action_flag": 3, "change_message": ""}}]